appid,appName,avgList_date,avgList_value,list_date,list_value,versionDate,version,date
6451407032,红果短剧-海量热门短剧随心看,1723132800000,97259,1723132800000,292687,,,
6451407032,红果短剧-海量热门短剧随心看,1723046400000,97259,1723046400000,284364,,,
6451407032,红果短剧-海量热门短剧随心看,1722960000000,97259,1722960000000,251939,,,
6451407032,红果短剧-海量热门短剧随心看,1722873600000,97259,1722873600000,240111,,,
6451407032,红果短剧-海量热门短剧随心看,1722787200000,97259,1722787200000,239503,,,
6451407032,红果短剧-海量热门短剧随心看,1722700800000,97259,1722700800000,195501,,,
6451407032,红果短剧-海量热门短剧随心看,1722614400000,97259,1722614400000,195300,,,
6451407032,红果短剧-海量热门短剧随心看,1722528000000,97259,1722528000000,169735,,,
6451407032,红果短剧-海量热门短剧随心看,1722441600000,97259,1722441600000,195143,,,
6451407032,红果短剧-海量热门短剧随心看,1722355200000,97259,1722355200000,196209,,,
6451407032,红果短剧-海量热门短剧随心看,1722268800000,97259,1722268800000,195238,,,
6451407032,红果短剧-海量热门短剧随心看,1722182400000,97259,1722182400000,204964,,,
6451407032,红果短剧-海量热门短剧随心看,1722096000000,97259,1722096000000,285818,,,
6451407032,红果短剧-海量热门短剧随心看,1722009600000,97259,1722009600000,300750,,,
6451407032,红果短剧-海量热门短剧随心看,1721923200000,97259,1721923200000,245954,,,
6451407032,红果短剧-海量热门短剧随心看,1721836800000,97259,1721836800000,240176,,,
6451407032,红果短剧-海量热门短剧随心看,1721750400000,97259,1721750400000,291548,,,
6451407032,红果短剧-海量热门短剧随心看,1721664000000,97259,1721664000000,292764,,,
6451407032,红果短剧-海量热门短剧随心看,1721577600000,97259,1721577600000,240673,,,
6451407032,红果短剧-海量热门短剧随心看,1721491200000,97259,1721491200000,250983,,,
6451407032,红果短剧-海量热门短剧随心看,1721404800000,97259,1721404800000,170809,,,
6451407032,红果短剧-海量热门短剧随心看,1721318400000,97259,1721318400000,191097,,,
6451407032,红果短剧-海量热门短剧随心看,1721232000000,97259,1721232000000,175787,,,
6451407032,红果短剧-海量热门短剧随心看,1721145600000,97259,1721145600000,146176,,,
6451407032,红果短剧-海量热门短剧随心看,1721059200000,97259,1721059200000,99300,,,
6451407032,红果短剧-海量热门短剧随心看,1720972800000,97259,1720972800000,125406,,,
6451407032,红果短剧-海量热门短剧随心看,1720886400000,97259,1720886400000,121330,,,
6451407032,红果短剧-海量热门短剧随心看,1720800000000,97259,1720800000000,115025,,,
6451407032,红果短剧-海量热门短剧随心看,1720713600000,97259,1720713600000,115977,,,
6451407032,红果短剧-海量热门短剧随心看,1720627200000,97259,1720627200000,133042,,,
6451407032,红果短剧-海量热门短剧随心看,1720540800000,97259,1720540800000,149928,,,
6451407032,红果短剧-海量热门短剧随心看,1720454400000,97259,1720454400000,180520,,,
6451407032,红果短剧-海量热门短剧随心看,1720368000000,97259,1720368000000,298827,,,
6451407032,红果短剧-海量热门短剧随心看,1720281600000,97259,1720281600000,284505,,,
6451407032,红果短剧-海量热门短剧随心看,1720195200000,97259,1720195200000,282865,,,
6451407032,红果短剧-海量热门短剧随心看,1720108800000,97259,1720108800000,283517,,,
6451407032,红果短剧-海量热门短剧随心看,1720022400000,97259,1720022400000,175724,,,
6451407032,红果短剧-海量热门短剧随心看,1719936000000,97259,1719936000000,173590,,,
6451407032,红果短剧-海量热门短剧随心看,1719849600000,97259,1719849600000,272144,,,
6451407032,红果短剧-海量热门短剧随心看,1719763200000,97259,1719763200000,250490,,,
6451407032,红果短剧-海量热门短剧随心看,1719676800000,97259,1719676800000,210345,,,
6451407032,红果短剧-海量热门短剧随心看,1719590400000,97259,1719590400000,256788,,,
6451407032,红果短剧-海量热门短剧随心看,1719504000000,97259,1719504000000,111107,,,
6451407032,红果短剧-海量热门短剧随心看,1719417600000,97259,1719417600000,89898,,,
6451407032,红果短剧-海量热门短剧随心看,1719331200000,97259,1719331200000,116004,,,
6451407032,红果短剧-海量热门短剧随心看,1719244800000,97259,1719244800000,159072,,,
6451407032,红果短剧-海量热门短剧随心看,1719158400000,97259,1719158400000,128973,,,
6451407032,红果短剧-海量热门短剧随心看,1719072000000,97259,1719072000000,117425,,,
6451407032,红果短剧-海量热门短剧随心看,1718985600000,97259,1718985600000,85360,,,
6451407032,红果短剧-海量热门短剧随心看,1718899200000,97259,1718899200000,82273,,,
6451407032,红果短剧-海量热门短剧随心看,1718812800000,97259,1718812800000,98136,,,
6451407032,红果短剧-海量热门短剧随心看,1718726400000,97259,1718726400000,86973,,,
6451407032,红果短剧-海量热门短剧随心看,1718640000000,97259,1718640000000,99661,,,
6451407032,红果短剧-海量热门短剧随心看,1718553600000,97259,1718553600000,117010,,,
6451407032,红果短剧-海量热门短剧随心看,1718467200000,97259,1718467200000,154054,,,
6451407032,红果短剧-海量热门短剧随心看,1718380800000,97259,1718380800000,152390,,,
6451407032,红果短剧-海量热门短剧随心看,1718294400000,97259,1718294400000,133259,,,
6451407032,红果短剧-海量热门短剧随心看,1718208000000,97259,1718208000000,111203,,,
6451407032,红果短剧-海量热门短剧随心看,1718121600000,97259,1718121600000,88095,,,
6451407032,红果短剧-海量热门短剧随心看,1718035200000,97259,1718035200000,79221,,,
6451407032,红果短剧-海量热门短剧随心看,1717948800000,97259,1717948800000,104209,,,
6451407032,红果短剧-海量热门短剧随心看,1717862400000,97259,1717862400000,159656,,,
6451407032,红果短剧-海量热门短剧随心看,1717776000000,97259,1717776000000,195930,,,
6451407032,红果短剧-海量热门短剧随心看,1717689600000,97259,1717689600000,185071,,,
6451407032,红果短剧-海量热门短剧随心看,1717603200000,97259,1717603200000,157691,,,
6451407032,红果短剧-海量热门短剧随心看,1717516800000,97259,1717516800000,278385,,,
6451407032,红果短剧-海量热门短剧随心看,1717430400000,97259,1717430400000,299710,,,
6451407032,红果短剧-海量热门短剧随心看,1717344000000,97259,1717344000000,299531,,,
6451407032,红果短剧-海量热门短剧随心看,1717257600000,97259,1717257600000,196098,,,
6451407032,红果短剧-海量热门短剧随心看,1717171200000,97259,1717171200000,249914,,,
6451407032,红果短剧-海量热门短剧随心看,1717084800000,97259,1717084800000,174153,,,
6451407032,红果短剧-海量热门短剧随心看,1716998400000,97259,1716998400000,291137,,,
6451407032,红果短剧-海量热门短剧随心看,1716912000000,97259,1716912000000,149684,,,
6451407032,红果短剧-海量热门短剧随心看,1716825600000,97259,1716825600000,240300,,,
6451407032,红果短剧-海量热门短剧随心看,1716739200000,97259,1716739200000,230331,,,
6451407032,红果短剧-海量热门短剧随心看,1716652800000,97259,1716652800000,215912,,,
6451407032,红果短剧-海量热门短剧随心看,1716566400000,97259,1716566400000,299611,,,
6451407032,红果短剧-海量热门短剧随心看,1716480000000,97259,1716480000000,300386,,,
6451407032,红果短剧-海量热门短剧随心看,1716393600000,97259,1716393600000,229211,,,
6451407032,红果短剧-海量热门短剧随心看,1716307200000,97259,1716307200000,148409,,,
6451407032,红果短剧-海量热门短剧随心看,1716220800000,97259,1716220800000,111784,,,
6451407032,红果短剧-海量热门短剧随心看,1716134400000,97259,1716134400000,139640,,,
6451407032,红果短剧-海量热门短剧随心看,1716048000000,97259,1716048000000,163326,,,
6451407032,红果短剧-海量热门短剧随心看,1715961600000,97259,1715961600000,103636,,,
6451407032,红果短剧-海量热门短剧随心看,1715875200000,97259,1715875200000,102865,,,
6451407032,红果短剧-海量热门短剧随心看,1715788800000,97259,1715788800000,89698,,,
6451407032,红果短剧-海量热门短剧随心看,1715702400000,97259,1715702400000,84524,,,
6451407032,红果短剧-海量热门短剧随心看,1715616000000,97259,1715616000000,76755,,,
6451407032,红果短剧-海量热门短剧随心看,1715529600000,97259,1715529600000,67329,,,
6451407032,红果短剧-海量热门短剧随心看,1715443200000,97259,1715443200000,76821,,,
6451407032,红果短剧-海量热门短剧随心看,1715356800000,97259,1715356800000,73988,,,
6451407032,红果短剧-海量热门短剧随心看,1715270400000,97259,1715270400000,81517,,,
6451407032,红果短剧-海量热门短剧随心看,1715184000000,97259,1715184000000,77689,,,
6451407032,红果短剧-海量热门短剧随心看,1715097600000,97259,1715097600000,74164,,,
6451407032,红果短剧-海量热门短剧随心看,1715011200000,97259,1715011200000,66483,,,
6451407032,红果短剧-海量热门短剧随心看,1714924800000,97259,1714924800000,74727,,,
6451407032,红果短剧-海量热门短剧随心看,1714838400000,97259,1714838400000,90160,,,
6451407032,红果短剧-海量热门短剧随心看,1714752000000,97259,1714752000000,72906,,,
6451407032,红果短剧-海量热门短剧随心看,1714665600000,97259,1714665600000,66509,,,
6451407032,红果短剧-海量热门短剧随心看,1714579200000,97259,1714579200000,57430,,,
6451407032,红果短剧-海量热门短剧随心看,1714492800000,97259,1714492800000,63213,,,
6451407032,红果短剧-海量热门短剧随心看,1714406400000,97259,1714406400000,65595,,,
6451407032,红果短剧-海量热门短剧随心看,1714320000000,97259,1714320000000,74488,,,
6451407032,红果短剧-海量热门短剧随心看,1714233600000,97259,1714233600000,74536,,,
6451407032,红果短剧-海量热门短剧随心看,1714147200000,97259,1714147200000,63607,,,
6451407032,红果短剧-海量热门短剧随心看,1714060800000,97259,1714060800000,62583,,,
6451407032,红果短剧-海量热门短剧随心看,1713974400000,97259,1713974400000,60504,,,
6451407032,红果短剧-海量热门短剧随心看,1713888000000,97259,1713888000000,70096,,,
6451407032,红果短剧-海量热门短剧随心看,1713801600000,97259,1713801600000,73272,,,
6451407032,红果短剧-海量热门短剧随心看,1713715200000,97259,1713715200000,60484,,,
6451407032,红果短剧-海量热门短剧随心看,1713628800000,97259,1713628800000,67009,,,
6451407032,红果短剧-海量热门短剧随心看,1713542400000,97259,1713542400000,67219,,,
6451407032,红果短剧-海量热门短剧随心看,1713456000000,97259,1713456000000,56646,,,
6451407032,红果短剧-海量热门短剧随心看,1713369600000,97259,1713369600000,51620,,,
6451407032,红果短剧-海量热门短剧随心看,1713283200000,97259,1713283200000,45771,,,
6451407032,红果短剧-海量热门短剧随心看,1713196800000,97259,1713196800000,47044,,,
6451407032,红果短剧-海量热门短剧随心看,1713110400000,97259,1713110400000,71444,,,
6451407032,红果短剧-海量热门短剧随心看,1713024000000,97259,1713024000000,54322,,,
6451407032,红果短剧-海量热门短剧随心看,1712937600000,97259,1712937600000,46291,,,
6451407032,红果短剧-海量热门短剧随心看,1712851200000,97259,1712851200000,47263,,,
6451407032,红果短剧-海量热门短剧随心看,1712764800000,97259,1712764800000,50574,,,
6451407032,红果短剧-海量热门短剧随心看,1712678400000,97259,1712678400000,61109,,,
6451407032,红果短剧-海量热门短剧随心看,1712592000000,97259,1712592000000,132949,,,
6451407032,红果短剧-海量热门短剧随心看,1712505600000,97259,1712505600000,162247,,,
6451407032,红果短剧-海量热门短剧随心看,1712419200000,97259,1712419200000,180530,,,
6451407032,红果短剧-海量热门短剧随心看,1712332800000,97259,1712332800000,103460,,,
6451407032,红果短剧-海量热门短剧随心看,1712246400000,97259,1712246400000,156015,,,
6451407032,红果短剧-海量热门短剧随心看,1712160000000,97259,1712160000000,163282,,,
6451407032,红果短剧-海量热门短剧随心看,1712073600000,97259,1712073600000,133373,,,
6451407032,红果短剧-海量热门短剧随心看,1711987200000,97259,1711987200000,144415,,,
6451407032,红果短剧-海量热门短剧随心看,1711900800000,97259,1711900800000,124036,,,
6451407032,红果短剧-海量热门短剧随心看,1711814400000,97259,1711814400000,97679,,,
6451407032,红果短剧-海量热门短剧随心看,1711728000000,97259,1711728000000,110819,,,
6451407032,红果短剧-海量热门短剧随心看,1711641600000,97259,1711641600000,83442,,,
6451407032,红果短剧-海量热门短剧随心看,1711555200000,97259,1711555200000,52517,,,
6451407032,红果短剧-海量热门短剧随心看,1711468800000,97259,1711468800000,52158,,,
6451407032,红果短剧-海量热门短剧随心看,1711382400000,97259,1711382400000,46881,,,
6451407032,红果短剧-海量热门短剧随心看,1711296000000,97259,1711296000000,48892,,,
6451407032,红果短剧-海量热门短剧随心看,1711209600000,97259,1711209600000,49559,,,
6451407032,红果短剧-海量热门短剧随心看,1711123200000,97259,1711123200000,52456,,,
6451407032,红果短剧-海量热门短剧随心看,1711036800000,97259,1711036800000,53870,,,
6451407032,红果短剧-海量热门短剧随心看,1710950400000,97259,1710950400000,48747,,,
6451407032,红果短剧-海量热门短剧随心看,1710864000000,97259,1710864000000,63995,,,
6451407032,红果短剧-海量热门短剧随心看,1710777600000,97259,1710777600000,65666,,,
6451407032,红果短剧-海量热门短剧随心看,1710691200000,97259,1710691200000,70140,,,
6451407032,红果短剧-海量热门短剧随心看,1710604800000,97259,1710604800000,75531,,,
6451407032,红果短剧-海量热门短剧随心看,1710518400000,97259,1710518400000,75550,,,
6451407032,红果短剧-海量热门短剧随心看,1710432000000,97259,1710432000000,146622,,,
6451407032,红果短剧-海量热门短剧随心看,1710345600000,97259,1710345600000,127563,,,
6451407032,红果短剧-海量热门短剧随心看,1710259200000,97259,1710259200000,160530,,,
6451407032,红果短剧-海量热门短剧随心看,1710172800000,97259,1710172800000,128966,,,
6451407032,红果短剧-海量热门短剧随心看,1710086400000,97259,1710086400000,96673,,,
6451407032,红果短剧-海量热门短剧随心看,1710000000000,97259,1710000000000,77541,,,
6451407032,红果短剧-海量热门短剧随心看,1709913600000,97259,1709913600000,85907,,,
6451407032,红果短剧-海量热门短剧随心看,1709827200000,97259,1709827200000,66029,,,
6451407032,红果短剧-海量热门短剧随心看,1709740800000,97259,1709740800000,73473,,,
6451407032,红果短剧-海量热门短剧随心看,1709654400000,97259,1709654400000,79355,,,
6451407032,红果短剧-海量热门短剧随心看,1709568000000,97259,1709568000000,60269,,,
6451407032,红果短剧-海量热门短剧随心看,1709481600000,97259,1709481600000,83908,,,
6451407032,红果短剧-海量热门短剧随心看,1709395200000,97259,1709395200000,96043,,,
6451407032,红果短剧-海量热门短剧随心看,1709308800000,97259,1709308800000,89221,,,
6451407032,红果短剧-海量热门短剧随心看,1709222400000,97259,1709222400000,75799,,,
6451407032,红果短剧-海量热门短剧随心看,1709136000000,97259,1709136000000,66495,,,
6451407032,红果短剧-海量热门短剧随心看,1709049600000,97259,1709049600000,66697,,,
6451407032,红果短剧-海量热门短剧随心看,1708963200000,97259,1708963200000,71950,,,
6451407032,红果短剧-海量热门短剧随心看,1708876800000,97259,1708876800000,74653,,,
6451407032,红果短剧-海量热门短剧随心看,1708790400000,97259,1708790400000,67947,,,
6451407032,红果短剧-海量热门短剧随心看,1708704000000,97259,1708704000000,76593,,,
6451407032,红果短剧-海量热门短剧随心看,1708617600000,97259,1708617600000,75626,,,
6451407032,红果短剧-海量热门短剧随心看,1708531200000,97259,1708531200000,73030,,,
6451407032,红果短剧-海量热门短剧随心看,1708444800000,97259,1708444800000,61948,,,
6451407032,红果短剧-海量热门短剧随心看,1708358400000,97259,1708358400000,63520,,,
6451407032,红果短剧-海量热门短剧随心看,1708272000000,97259,1708272000000,67851,,,
6451407032,红果短剧-海量热门短剧随心看,1708185600000,97259,1708185600000,51686,,,
6451407032,红果短剧-海量热门短剧随心看,1708099200000,97259,1708099200000,66683,,,
6451407032,红果短剧-海量热门短剧随心看,1708012800000,97259,1708012800000,83609,,,
6451407032,红果短剧-海量热门短剧随心看,1707926400000,97259,1707926400000,89658,,,
6451407032,红果短剧-海量热门短剧随心看,1707840000000,97259,1707840000000,110965,,,
6451407032,红果短剧-海量热门短剧随心看,1707753600000,97259,1707753600000,113311,,,
6451407032,红果短剧-海量热门短剧随心看,1707667200000,97259,1707667200000,89316,,,
6451407032,红果短剧-海量热门短剧随心看,1707580800000,97259,1707580800000,65315,,,
6451407032,红果短剧-海量热门短剧随心看,1707494400000,97259,1707494400000,57631,,,
6451407032,红果短剧-海量热门短剧随心看,1707408000000,97259,1707408000000,54270,,,
6451407032,红果短剧-海量热门短剧随心看,1707321600000,97259,1707321600000,67482,,,
6451407032,红果短剧-海量热门短剧随心看,1707235200000,97259,1707235200000,58938,,,
6451407032,红果短剧-海量热门短剧随心看,1707148800000,97259,1707148800000,65500,,,
6451407032,红果短剧-海量热门短剧随心看,1707062400000,97259,1707062400000,76581,,,
6451407032,红果短剧-海量热门短剧随心看,1706976000000,97259,1706976000000,79739,,,
6451407032,红果短剧-海量热门短剧随心看,1706889600000,97259,1706889600000,61082,,,
6451407032,红果短剧-海量热门短剧随心看,1706803200000,97259,1706803200000,55412,,,
6451407032,红果短剧-海量热门短剧随心看,1706716800000,97259,1706716800000,57260,,,
6451407032,红果短剧-海量热门短剧随心看,1706630400000,97259,1706630400000,44322,,,
6451407032,红果短剧-海量热门短剧随心看,1706544000000,97259,1706544000000,51006,,,
6451407032,红果短剧-海量热门短剧随心看,1706457600000,97259,1706457600000,54061,,,
6451407032,红果短剧-海量热门短剧随心看,1706371200000,97259,1706371200000,51061,,,
6451407032,红果短剧-海量热门短剧随心看,1706284800000,97259,1706284800000,49867,,,
6451407032,红果短剧-海量热门短剧随心看,1706198400000,97259,1706198400000,49129,,,
6451407032,红果短剧-海量热门短剧随心看,1706112000000,97259,1706112000000,49717,,,
6451407032,红果短剧-海量热门短剧随心看,1706025600000,97259,1706025600000,55699,,,
6451407032,红果短剧-海量热门短剧随心看,1705939200000,97259,1705939200000,61711,,,
6451407032,红果短剧-海量热门短剧随心看,1705852800000,97259,1705852800000,57343,,,
6451407032,红果短剧-海量热门短剧随心看,1705766400000,97259,1705766400000,62180,,,
6451407032,红果短剧-海量热门短剧随心看,1705680000000,97259,1705680000000,57941,,,
6451407032,红果短剧-海量热门短剧随心看,1705593600000,97259,1705593600000,48424,,,
6451407032,红果短剧-海量热门短剧随心看,1705507200000,97259,1705507200000,48177,,,
6451407032,红果短剧-海量热门短剧随心看,1705420800000,97259,1705420800000,46956,,,
6451407032,红果短剧-海量热门短剧随心看,1705334400000,97259,1705334400000,47944,,,
6451407032,红果短剧-海量热门短剧随心看,1705248000000,97259,1705248000000,50997,,,
6451407032,红果短剧-海量热门短剧随心看,1705161600000,97259,1705161600000,48024,,,
6451407032,红果短剧-海量热门短剧随心看,1705075200000,97259,1705075200000,46121,,,
6451407032,红果短剧-海量热门短剧随心看,1704988800000,97259,1704988800000,52061,,,
6451407032,红果短剧-海量热门短剧随心看,1704902400000,97259,1704902400000,69666,,,
6451407032,红果短剧-海量热门短剧随心看,1704816000000,97259,1704816000000,58482,,,
6451407032,红果短剧-海量热门短剧随心看,1704729600000,97259,1704729600000,40842,,,
6451407032,红果短剧-海量热门短剧随心看,1704643200000,97259,1704643200000,41804,,,
6451407032,红果短剧-海量热门短剧随心看,1704556800000,97259,1704556800000,42686,,,
6451407032,红果短剧-海量热门短剧随心看,1704470400000,97259,1704470400000,35104,,,
6451407032,红果短剧-海量热门短剧随心看,1704384000000,97259,1704384000000,33824,,,
6451407032,红果短剧-海量热门短剧随心看,1704297600000,97259,1704297600000,35023,,,
6451407032,红果短剧-海量热门短剧随心看,1704211200000,97259,1704211200000,41804,,,
6451407032,红果短剧-海量热门短剧随心看,1704124800000,97259,1704124800000,32582,,,
6451407032,红果短剧-海量热门短剧随心看,1704038400000,97259,1704038400000,37960,,,
6451407032,红果短剧-海量热门短剧随心看,1703952000000,97259,1703952000000,35833,,,
6451407032,红果短剧-海量热门短剧随心看,1703865600000,97259,1703865600000,35636,,,
6451407032,红果短剧-海量热门短剧随心看,1703779200000,97259,1703779200000,35456,,,
6451407032,红果短剧-海量热门短剧随心看,1703692800000,97259,1703692800000,34517,,,
6451407032,红果短剧-海量热门短剧随心看,1703606400000,97259,1703606400000,31003,,,
6451407032,红果短剧-海量热门短剧随心看,1703520000000,97259,1703520000000,28313,,,
6451407032,红果短剧-海量热门短剧随心看,1703433600000,97259,1703433600000,26888,,,
6451407032,红果短剧-海量热门短剧随心看,1703347200000,97259,1703347200000,29444,,,
6451407032,红果短剧-海量热门短剧随心看,1703260800000,97259,1703260800000,29607,,,
6451407032,红果短剧-海量热门短剧随心看,1703174400000,97259,1703174400000,28553,,,
6451407032,红果短剧-海量热门短剧随心看,1703088000000,97259,1703088000000,28928,,,
6451407032,红果短剧-海量热门短剧随心看,1703001600000,97259,1703001600000,27501,,,
6451407032,红果短剧-海量热门短剧随心看,1702915200000,97259,1702915200000,26681,,,
6451407032,红果短剧-海量热门短剧随心看,1702828800000,97259,1702828800000,28483,,,
6451407032,红果短剧-海量热门短剧随心看,1702742400000,97259,1702742400000,28635,,,
6451407032,红果短剧-海量热门短剧随心看,1702656000000,97259,1702656000000,27142,,,
6451407032,红果短剧-海量热门短剧随心看,1702569600000,97259,1702569600000,26697,,,
6451407032,红果短剧-海量热门短剧随心看,1702483200000,97259,1702483200000,26318,,,
6451407032,红果短剧-海量热门短剧随心看,1702396800000,97259,1702396800000,25812,,,
6451407032,红果短剧-海量热门短剧随心看,1702310400000,97259,1702310400000,27273,,,
6451407032,红果短剧-海量热门短剧随心看,1702224000000,97259,1702224000000,33802,,,
6451407032,红果短剧-海量热门短剧随心看,1702137600000,97259,1702137600000,30305,,,
6451407032,红果短剧-海量热门短剧随心看,1702051200000,97259,1702051200000,34610,,,
6451407032,红果短剧-海量热门短剧随心看,1701964800000,97259,1701964800000,28937,,,
6451407032,红果短剧-海量热门短剧随心看,1701878400000,97259,1701878400000,27944,,,
6451407032,红果短剧-海量热门短剧随心看,1701792000000,97259,1701792000000,28479,,,
6451407032,红果短剧-海量热门短剧随心看,1701705600000,97259,1701705600000,26853,,,
6451407032,红果短剧-海量热门短剧随心看,1701619200000,97259,1701619200000,27617,,,
6451407032,红果短剧-海量热门短剧随心看,1701532800000,97259,1701532800000,29683,,,
6451407032,红果短剧-海量热门短剧随心看,1701446400000,97259,1701446400000,27001,,,
6451407032,红果短剧-海量热门短剧随心看,1701360000000,97259,1701360000000,27074,,,
6451407032,红果短剧-海量热门短剧随心看,1701273600000,97259,1701273600000,28629,,,
6451407032,红果短剧-海量热门短剧随心看,1701187200000,97259,1701187200000,30969,,,
6451407032,红果短剧-海量热门短剧随心看,1701100800000,97259,1701100800000,32212,,,
6451407032,红果短剧-海量热门短剧随心看,1701014400000,97259,1701014400000,30606,,,
6451407032,红果短剧-海量热门短剧随心看,1700928000000,97259,1700928000000,34909,,,
6451407032,红果短剧-海量热门短剧随心看,1700841600000,97259,1700841600000,32162,,,
6451407032,红果短剧-海量热门短剧随心看,1700755200000,97259,1700755200000,34779,,,
6451407032,红果短剧-海量热门短剧随心看,1700668800000,97259,1700668800000,43438,,,
6451407032,红果短剧-海量热门短剧随心看,1700582400000,97259,1700582400000,55586,,,
6451407032,红果短剧-海量热门短剧随心看,1700496000000,97259,1700496000000,59929,,,
6451407032,红果短剧-海量热门短剧随心看,1700409600000,97259,1700409600000,120448,,,
6451407032,红果短剧-海量热门短剧随心看,1700323200000,97259,1700323200000,173839,,,
6451407032,红果短剧-海量热门短剧随心看,1700236800000,97259,1700236800000,258160,,,
6451407032,红果短剧-海量热门短剧随心看,1700150400000,97259,1700150400000,138992,,,
6451407032,红果短剧-海量热门短剧随心看,1700064000000,97259,1700064000000,56681,,,
6451407032,红果短剧-海量热门短剧随心看,1699977600000,97259,1699977600000,57427,,,
6451407032,红果短剧-海量热门短剧随心看,1699891200000,97259,1699891200000,54733,,,
6451407032,红果短剧-海量热门短剧随心看,1699804800000,97259,1699804800000,77725,,,
6451407032,红果短剧-海量热门短剧随心看,1699718400000,97259,1699718400000,80706,,,
6451407032,红果短剧-海量热门短剧随心看,1699632000000,97259,1699632000000,78144,,,
6451407032,红果短剧-海量热门短剧随心看,1699545600000,97259,1699545600000,109041,,,
6451407032,红果短剧-海量热门短剧随心看,1699459200000,97259,1699459200000,111429,,,
6451407032,红果短剧-海量热门短剧随心看,1699372800000,97259,1699372800000,165441,,,
6451407032,红果短剧-海量热门短剧随心看,1699286400000,97259,1699286400000,283879,,,
6451407032,红果短剧-海量热门短剧随心看,1699200000000,97259,1699200000000,204759,,,
6451407032,红果短剧-海量热门短剧随心看,1699113600000,97259,1699113600000,188997,,,
6451407032,红果短剧-海量热门短剧随心看,1699027200000,97259,1699027200000,154528,,,
6451407032,红果短剧-海量热门短剧随心看,1698940800000,97259,1698940800000,119030,,,
6451407032,红果短剧-海量热门短剧随心看,1698854400000,97259,1698854400000,132395,,,
6451407032,红果短剧-海量热门短剧随心看,1698768000000,97259,1698768000000,125865,,,
6451407032,红果短剧-海量热门短剧随心看,1698681600000,97259,1698681600000,152672,,,
6451407032,红果短剧-海量热门短剧随心看,1698595200000,97259,1698595200000,140334,,,
6451407032,红果短剧-海量热门短剧随心看,1698508800000,97259,1698508800000,134383,,,
6451407032,红果短剧-海量热门短剧随心看,1698422400000,97259,1698422400000,110013,,,
6451407032,红果短剧-海量热门短剧随心看,1698336000000,97259,1698336000000,82934,,,
6451407032,红果短剧-海量热门短剧随心看,1698249600000,97259,1698249600000,84431,,,
6451407032,红果短剧-海量热门短剧随心看,1698163200000,97259,1698163200000,83981,,,
6451407032,红果短剧-海量热门短剧随心看,1698076800000,97259,1698076800000,87793,,,
6451407032,红果短剧-海量热门短剧随心看,1697990400000,97259,1697990400000,106231,,,
6451407032,红果短剧-海量热门短剧随心看,1697904000000,97259,1697904000000,125490,,,
6451407032,红果短剧-海量热门短剧随心看,1697817600000,97259,1697817600000,157051,,,
6451407032,红果短剧-海量热门短剧随心看,1697731200000,97259,1697731200000,123753,,,
6451407032,红果短剧-海量热门短剧随心看,1697644800000,97259,1697644800000,239080,,,
6451407032,红果短剧-海量热门短剧随心看,1697558400000,97259,1697558400000,239944,,,
6451407032,红果短剧-海量热门短剧随心看,1697472000000,97259,1697472000000,292050,,,
6451407032,红果短剧-海量热门短剧随心看,1697385600000,97259,1697385600000,292661,,,
6451407032,红果短剧-海量热门短剧随心看,1697299200000,97259,1697299200000,292495,,,
6451407032,红果短剧-海量热门短剧随心看,1697212800000,97259,1697212800000,204056,,,
6451407032,红果短剧-海量热门短剧随心看,1697126400000,97259,1697126400000,299041,,,
6451407032,红果短剧-海量热门短剧随心看,1697040000000,97259,1697040000000,177554,,,
6451407032,红果短剧-海量热门短剧随心看,1696953600000,97259,1696953600000,126196,,,
6451407032,红果短剧-海量热门短剧随心看,1696867200000,97259,1696867200000,91722,,,
6451407032,红果短剧-海量热门短剧随心看,1696780800000,97259,1696780800000,57464,,,
6451407032,红果短剧-海量热门短剧随心看,1696694400000,97259,1696694400000,53989,,,
6451407032,红果短剧-海量热门短剧随心看,1696608000000,97259,1696608000000,58570,,,
6451407032,红果短剧-海量热门短剧随心看,1696521600000,97259,1696521600000,68869,,,
6451407032,红果短剧-海量热门短剧随心看,1696435200000,97259,1696435200000,79822,,,
6451407032,红果短剧-海量热门短剧随心看,1696348800000,97259,1696348800000,102502,,,
6451407032,红果短剧-海量热门短剧随心看,1696262400000,97259,1696262400000,101024,,,
6451407032,红果短剧-海量热门短剧随心看,1696176000000,97259,1696176000000,82335,,,
6451407032,红果短剧-海量热门短剧随心看,1696089600000,97259,1696089600000,66836,,,
6451407032,红果短剧-海量热门短剧随心看,1696003200000,97259,1696003200000,48665,,,
6451407032,红果短剧-海量热门短剧随心看,1695916800000,97259,1695916800000,44901,,,
6451407032,红果短剧-海量热门短剧随心看,1695830400000,97259,1695830400000,46080,,,
6451407032,红果短剧-海量热门短剧随心看,1695744000000,97259,1695744000000,52939,,,
6451407032,红果短剧-海量热门短剧随心看,1695657600000,97259,1695657600000,46200,,,
6451407032,红果短剧-海量热门短剧随心看,1695571200000,97259,1695571200000,57945,,,
6451407032,红果短剧-海量热门短剧随心看,1695484800000,97259,1695484800000,51866,,,
6451407032,红果短剧-海量热门短剧随心看,1695398400000,97259,1695398400000,46538,,,
6451407032,红果短剧-海量热门短剧随心看,1695312000000,97259,1695312000000,51029,,,
6451407032,红果短剧-海量热门短剧随心看,1695225600000,97259,1695225600000,49877,,,
6451407032,红果短剧-海量热门短剧随心看,1695139200000,97259,1695139200000,35944,,,
6451407032,红果短剧-海量热门短剧随心看,1695052800000,97259,1695052800000,33108,,,
6451407032,红果短剧-海量热门短剧随心看,1694966400000,97259,1694966400000,32035,,,
6451407032,红果短剧-海量热门短剧随心看,1694880000000,97259,1694880000000,30999,,,
6451407032,红果短剧-海量热门短剧随心看,1694793600000,97259,1694793600000,26459,,,
6451407032,红果短剧-海量热门短剧随心看,1694707200000,97259,1694707200000,26350,,,
6451407032,红果短剧-海量热门短剧随心看,1694620800000,97259,1694620800000,27175,,,
6451407032,红果短剧-海量热门短剧随心看,1694534400000,97259,1694534400000,36589,,,
6451407032,红果短剧-海量热门短剧随心看,1694448000000,97259,1694448000000,26824,,,
6451407032,红果短剧-海量热门短剧随心看,1694361600000,97259,1694361600000,26029,,,
6451407032,红果短剧-海量热门短剧随心看,1694275200000,97259,1694275200000,27130,,,
6451407032,红果短剧-海量热门短剧随心看,1694188800000,97259,1694188800000,27833,,,
6451407032,红果短剧-海量热门短剧随心看,1694102400000,97259,1694102400000,27326,,,
6451407032,红果短剧-海量热门短剧随心看,1694016000000,97259,1694016000000,28151,,,
6451407032,红果短剧-海量热门短剧随心看,1693929600000,97259,1693929600000,15215,,,
6451407032,红果短剧-海量热门短剧随心看,1693843200000,97259,1693843200000,16478,,,
6451407032,红果短剧-海量热门短剧随心看,1693756800000,97259,1693756800000,19299,,,
6451407032,红果短剧-海量热门短剧随心看,1693670400000,97259,1693670400000,23385,,,
6451407032,红果短剧-海量热门短剧随心看,1693584000000,97259,1693584000000,27691,,,
6451407032,红果短剧-海量热门短剧随心看,1693497600000,97259,1693497600000,24651,,,
6451407032,红果短剧-海量热门短剧随心看,1693411200000,97259,1693411200000,27097,,,
6451407032,红果短剧-海量热门短剧随心看,1693324800000,97259,1693324800000,31630,,,
6451407032,红果短剧-海量热门短剧随心看,1693238400000,97259,1693238400000,31338,,,
6451407032,红果短剧-海量热门短剧随心看,1693152000000,97259,1693152000000,31697,,,
6451407032,红果短剧-海量热门短剧随心看,1693065600000,97259,1693065600000,32674,,,
6451407032,红果短剧-海量热门短剧随心看,1692979200000,97259,1692979200000,35980,,,
6451407032,红果短剧-海量热门短剧随心看,1692892800000,97259,1692892800000,46324,,,
6451407032,红果短剧-海量热门短剧随心看,1692806400000,97259,1692806400000,54048,,,
6451407032,红果短剧-海量热门短剧随心看,1692720000000,97259,1692720000000,50301,,,
6451407032,红果短剧-海量热门短剧随心看,1692633600000,97259,1692633600000,26678,,,
6451407032,红果短剧-海量热门短剧随心看,1692547200000,97259,1692547200000,27999,,,
6451407032,红果短剧-海量热门短剧随心看,1692460800000,97259,1692460800000,26877,,,
6451407032,红果短剧-海量热门短剧随心看,1692374400000,97259,1692374400000,19116,,,
6451407032,红果短剧-海量热门短剧随心看,1692288000000,97259,1692288000000,13736,,,
6451407032,红果短剧-海量热门短剧随心看,1692201600000,97259,1692201600000,4450,,,
6451407032,红果短剧-海量热门短剧随心看,1692115200000,97259,1692115200000,2748,,,
6451407032,红果短剧-海量热门短剧随心看,1692028800000,97259,1692028800000,1064,,,
6451407032,红果短剧-海量热门短剧随心看,1691942400000,97259,1691942400000,0,,,
6451407032,红果短剧-海量热门短剧随心看,1691856000000,97259,1691856000000,0,,,
6451407032,红果短剧-海量热门短剧随心看,1691769600000,97259,1691769600000,0,,,
6451407032,红果短剧-海量热门短剧随心看,1691683200000,97259,1691683200000,0,,,
6451407032,红果短剧-海量热门短剧随心看,1691596800000,97259,1691596800000,0,,,
6451407032,红果短剧-海量热门短剧随心看,1691510400000,97259,1691510400000,0,,,
